City,Cloudiness,Country,Date,Humidity,Latitude,Longitude,Max Temperature,Wind Speed
Outlook,99,CA,1580529178,78,51.5,-107.05,24.28,4.29
Saint George,1,US,1580528790,38,37.1,-113.58,46.4,1.41
Celestun,0,MX,1580529179,91,20.87,-90.4,74.53,20.04
Nuuk,100,GL,1580529106,78,64.18,-51.72,12.2,10.29
Hilo,90,US,1580529180,69,19.73,-155.09,75.2,4.7
Jamestown,90,US,1580528914,92,42.1,-79.24,32.0,3.36
Opuwo,6,NA,1580529182,75,-18.06,13.84,66.65,2.35
Qaanaaq,100,GL,1580528918,99,77.48,-69.36,-24.03,1.03
Aksehir,90,TR,1580529184,51,38.36,31.42,34.9,3.69
Trairi,100,BR,1580529185,91,-3.28,-39.27,72.45,2.53
Albany,90,US,1580528750,69,42.6,-73.97,35.01,5.82
Nikolskoye,90,RU,1580528974,85,59.7,30.79,23.0,4.47
Carnarvon,0,AU,1580529051,44,-24.87,113.63,80.6,21.92
Saint-Philippe,25,RE,1580528963,69,-21.36,55.77,80.6,21.92
Tautira,75,PF,1580529188,78,-17.73,-149.15,78.8,17.22
Atuona,33,PF,1580529026,74,-9.8,-139.03,81.66,15.14
Coquimbo,0,CL,1580529190,82,-29.95,-71.34,62.6,9.17
Barrow,20,US,1580528966,68,71.29,-156.79,-20.2,4.7
Bethel,90,US,1580528959,86,41.37,-73.41,39.0,1.45
Rapid City,90,US,1580529192,56,44.08,-103.23,44.01,6.93
Solnechnyy,0,RU,1580529192,83,50.72,136.63,7.18,3.83
Adre,0,TD,1580529193,19,13.47,22.2,55.0,13.82
Camana,88,PE,1580529193,88,-16.62,-72.71,66.34,5.59
Bambous Virieux,75,MU,1580529194,83,-20.34,57.76,80.01,10.29
Portree,100,GB,1580529195,95,57.41,-6.19,48.0,20.0
Pangody,4,RU,1580529195,98,65.85,74.49,-21.03,9.37
Pundaguitan,92,PH,1580529196,76,6.37,126.17,80.55,10.09
Busselton,0,AU,1580528916,23,-33.65,115.33,78.01,8.59
Dikson,95,RU,1580529197,93,73.51,80.55,-9.47,9.28
Rikitea,100,PF,1580528914,79,-23.12,-134.97,79.14,13.82
Vila Velha,100,BR,1580529198,74,-20.33,-40.29,80.6,13.87
Punta Arenas,75,CL,1580528982,71,-53.15,-70.92,51.8,8.05
Pevek,22,RU,1580529084,99,69.7,170.31,-25.58,3.56
Hermanus,94,ZA,1580529003,85,-34.42,19.23,64.99,1.01
Amazar,100,RU,1580529201,79,53.86,120.88,3.38,10.78
Lahat,82,ID,1580529202,84,-3.8,103.53,75.2,2.57
Castro,1,BR,1580529059,90,-24.79,-50.01,66.88,6.11
Rabaul,100,PG,1580529203,76,-4.2,152.17,84.11,13.15
Ushuaia,75,AR,1580528901,66,-54.8,-68.3,53.6,18.34
Mataura,100,NZ,1580528993,55,-46.19,168.86,77.0,15.01
Murgab,86,TM,1580529205,69,37.5,61.97,39.2,9.17
Airai,100,TL,1580528955,75,-8.93,125.41,77.83,2.48
Medford,1,US,1580529044,93,42.33,-122.88,51.01,0.87
Sechura,2,PE,1580529206,86,-5.56,-80.82,73.74,11.72
Marsh Harbour,100,BS,1580529207,79,26.54,-77.06,73.29,11.99
Chokurdakh,100,RU,1580529150,95,70.63,147.92,-24.39,3.56
Vaini,75,TO,1580528923,79,-21.2,-175.2,84.2,13.87
Kruisfontein,53,ZA,1580529209,92,-34.0,24.73,61.84,2.71
Yellowknife,20,CA,1580529067,76,62.46,-114.35,-11.0,3.36
Port Alfred,99,ZA,1580529047,92,-33.59,26.89,71.01,1.99
Praia da Vitoria,75,PT,1580529211,88,38.73,-27.07,66.2,27.98
Havre-Saint-Pierre,1,CA,1580529212,71,50.23,-63.6,3.2,3.36
Teguldet,100,RU,1580529213,96,57.31,88.17,-12.96,2.71
Butaritari,0,KI,1580528972,76,3.07,172.79,84.72,15.57
Nosy Varika,16,MG,1580529214,89,-20.58,48.53,73.26,4.16
Maragogi,100,BR,1580529214,77,-9.01,-35.22,81.54,9.4
Arraial do Cabo,40,BR,1580528997,94,-22.97,-42.03,75.2,4.7
Prince Rupert,90,CA,1580529216,93,54.32,-130.32,35.6,2.24
Esim,59,GH,1580529216,95,4.87,-2.24,76.35,0.96
Mar del Plata,87,AR,1580528915,56,-38.0,-57.56,71.01,10.29
Camacupa,100,AO,1580529217,96,-12.02,17.48,61.7,3.58
Kapaa,90,US,1580529033,73,22.08,-159.32,75.2,11.41
Trelew,67,AR,1580529219,53,-43.25,-65.31,60.62,6.35
Bredasdorp,22,ZA,1580528939,77,-34.53,20.04,66.2,4.7
Kodiak,75,US,1580528958,57,57.79,-152.41,17.6,19.46
Bubaque,3,GW,1580528987,61,11.28,-15.83,79.75,4.45
Ahipara,16,NZ,1580529221,54,-35.17,173.17,91.0,3.0
Westport,90,US,1580529222,90,41.14,-73.36,39.99,3.06
Bac Lieu,0,VN,1580529222,52,9.29,105.72,84.74,17.56
Tiksi,100,RU,1580528928,90,71.69,128.87,-15.59,3.85
Mahebourg,75,MU,1580529224,83,-20.41,57.7,80.01,10.29
Fukagawa,75,JP,1580529224,73,43.71,142.04,23.0,12.75
Russell,90,US,1580529225,87,32.35,-85.2,46.0,4.7
Hobart,75,AU,1580528764,63,-42.88,147.33,79.0,17.22
Synya,100,RU,1580529227,98,65.37,58.04,-3.15,1.83
Shelburne,90,CA,1580529228,92,44.08,-80.2,27.0,4.52
Saint-Pierre,32,RE,1580529119,69,-21.34,55.48,80.6,21.92
Hong Kong,20,HK,1580529227,52,22.29,114.16,66.99,14.99
Upernavik,97,GL,1580528944,98,72.79,-56.15,-14.35,7.29
Perth,73,AU,1580529230,31,-31.93,115.83,77.0,11.41
Grand-Santi,99,GF,1580529231,97,4.25,-54.38,71.06,4.41
Khatanga,0,RU,1580528900,97,71.97,102.5,-33.97,6.82
Kutum,8,SD,1580529232,34,14.2,24.67,43.21,2.86
Port Blair,57,IN,1580529234,74,11.67,92.75,80.13,14.92
Zyryanka,100,RU,1580529234,97,65.75,150.85,-12.42,0.13
Northam,40,GB,1580529235,93,51.03,-4.22,52.0,8.05
Bereznik,94,RU,1580529235,98,62.86,42.71,-13.11,3.15
Tuktoyaktuk,20,CA,1580529200,73,69.45,-133.04,-31.0,8.05
Lorengau,100,PG,1580529058,79,-2.02,147.27,83.68,20.22
Torbay,90,CA,1580529031,72,47.67,-52.73,19.0,19.46
Thompson,90,CA,1580528864,92,55.74,-97.86,23.0,6.93
Tigil,7,RU,1580529225,95,57.8,158.67,-5.51,2.93
Saint-Augustin,0,CA,1580529240,80,51.23,-58.65,3.65,10.47
Ostrovnoy,100,RU,1580529240,100,68.05,39.51,-6.75,4.99
Cape Town,58,ZA,1580528767,72,-33.93,18.42,68.0,20.8
Labuhan,100,ID,1580529242,78,-6.88,112.21,82.06,4.68
Yurga,97,RU,1580529243,94,55.72,84.89,-5.03,5.44
Kuzhithurai,20,IN,1580529243,70,8.32,77.18,84.2,3.36
Bluff,100,NZ,1580528947,55,-46.6,168.33,77.0,15.01
Pacific Grove,1,US,1580529237,76,36.62,-121.92,60.01,3.36
New Norfolk,75,AU,1580528985,63,-42.78,147.06,73.0,17.22
Juegang,0,CN,1580529246,45,32.32,121.19,52.0,2.08
Nandikotkur,7,IN,1580529247,65,15.87,78.27,74.23,7.81
Roebourne,0,AU,1580529037,14,-20.78,117.13,99.23,7.74
Bilibino,92,RU,1580529249,99,68.05,166.44,-30.75,2.84
Roald,90,NO,1580529099,93,62.58,6.13,37.99,8.05
Bilma,0,NE,1580529041,21,18.69,12.92,59.74,6.78
San Jose,40,US,1580528998,87,37.34,-121.89,60.8,1.88
Geraldton,91,AU,1580529110,15,-28.77,114.6,87.8,18.34
Castanos,36,MX,1580529252,68,26.78,-101.42,53.38,11.32
San Patricio,100,MX,1580529027,78,19.22,-104.7,76.59,12.1
Kaitangata,100,NZ,1580528644,65,-46.28,169.85,65.52,22.28
Mosjoen,100,NO,1580529254,94,65.84,13.19,39.2,23.04
Ambon,20,ID,1580529254,49,-3.7,128.18,93.2,8.05
Provideniya,100,RU,1580529054,96,64.38,-173.3,-12.78,7.65
Cherskiy,0,RU,1580528897,98,68.75,161.3,-29.58,4.12
Reitz,0,ZA,1580529256,65,-27.8,28.43,59.05,1.86
Margate,20,GB,1580529158,87,51.38,1.39,53.01,11.41
Witu,100,KE,1580529257,88,-2.39,40.44,78.01,3.83
Utiel,20,ES,1580529258,63,39.57,-1.2,61.0,11.97
Mehamn,19,NO,1580529259,96,71.04,27.85,9.1,19.6
Puerto Ayora,72,EC,1580529055,15,-0.74,-90.35,77.0,1.01
Bosaso,54,SO,1580529260,71,11.28,49.18,74.93,15.64
Saskylakh,100,RU,1580528901,97,71.92,114.08,-24.2,8.66
Roswell,90,US,1580529262,80,34.02,-84.36,42.8,5.82
Constitucion,0,CL,1580529076,91,-35.33,-72.42,57.78,6.78
Marawi,92,PH,1580529264,75,8.0,124.29,82.0,7.0
Shitanjing,100,CN,1580529264,43,39.23,106.34,29.89,5.23
Bengkulu,0,ID,1580529233,56,-3.8,102.27,87.87,1.07
Doctor Arroyo,98,MX,1580529265,83,23.67,-100.18,48.99,4.92
Salalah,0,OM,1580529108,52,17.02,54.09,66.2,2.24
Bereda,97,ES,1580529267,87,43.27,-7.54,62.01,14.99
Ponta do Sol,20,PT,1580529082,39,32.67,-17.1,66.99,3.36
Eureka,1,US,1580529268,93,40.8,-124.16,51.8,1.32
Aksarka,98,RU,1580529269,95,66.56,67.8,-23.1,8.59
Hofn,100,IS,1580529008,67,64.25,-15.21,36.32,13.69
Kavaratti,40,IN,1580529270,61,10.57,72.64,82.4,4.7
Bowen,40,AU,1580529271,58,-20.02,148.23,91.0,14.99
Meulaboh,77,ID,1580529272,73,4.14,96.13,81.57,2.44
Naze,75,JP,1580529030,41,28.37,129.48,64.4,10.29
Lebu,17,CL,1580529273,94,-37.62,-73.65,59.27,6.89
Katsuura,20,JP,1580529061,34,35.13,140.3,55.0,18.34
Te Anau,100,NZ,1580529079,75,-45.42,167.72,62.67,11.34
Mbaiki,33,CF,1580529275,31,3.87,17.99,63.21,0.76
Villacarrillo,91,ES,1580529276,79,38.12,-3.08,55.0,1.39
Ushtobe,77,KZ,1580529277,62,45.25,77.98,13.78,0.54
Hithadhoo,100,MV,1580529266,71,-0.6,73.08,81.75,13.22
Pisco,100,PE,1580529174,88,-13.7,-76.22,73.0,6.93
Uray,100,RU,1580529278,94,60.12,64.78,18.3,9.95
Kibaya,100,TZ,1580529280,95,-5.3,36.57,61.57,0.72
Mlonggo,100,ID,1580529281,95,-6.53,110.7,84.99,7.78
Oodweyne,100,SO,1580529281,51,9.41,45.06,61.11,0.72
Saldanha,0,ZA,1580529040,87,-33.01,17.94,59.0,5.82
Djebeniana,20,TN,1580529283,93,35.03,10.91,50.0,3.36
Lethem,100,GY,1580529283,64,3.38,-59.8,82.13,13.4
Petrovsk-Zabaykal'skiy,64,RU,1580529284,92,51.27,108.84,-5.4,3.83
Inhambane,18,MZ,1580529285,76,-23.86,35.38,77.68,10.0
Laas,5,IT,1580529285,86,46.62,10.7,34.0,3.36
Cap Malheureux,75,MU,1580529286,83,-19.98,57.61,81.0,10.29
Araouane,0,ML,1580529286,15,18.9,-3.53,65.75,9.91
Wadern,75,DE,1580529287,100,49.53,6.88,54.0,12.75
Elliot Lake,90,CA,1580529288,98,46.38,-82.63,32.0,10.29
Gweta,0,BW,1580529288,77,-20.18,25.23,67.8,4.65
Paita,11,PE,1580529289,74,-5.09,-81.11,76.44,10.83
Lincoln,90,US,1580529110,92,40.8,-96.67,35.6,3.36
Bar Harbor,1,US,1580529290,85,44.39,-68.2,28.99,1.23
Severo-Kuril'sk,67,RU,1580529198,73,50.68,156.12,18.88,16.89
Uyemskiy,0,RU,1580529291,73,64.47,40.85,-29.2,3.31
Kawhia,38,NZ,1580529293,52,-38.07,174.82,82.0,8.01
Nioro,0,GM,1580529293,11,13.35,-15.75,75.54,9.75
Bereket,73,TM,1580529294,53,39.24,55.52,41.95,3.85
Christchurch,99,NZ,1580528859,77,-43.53,172.63,69.01,18.34
Kununurra,98,AU,1580529295,44,-15.77,128.73,96.8,6.93
Ranavav,0,IN,1580529296,63,21.68,69.74,62.6,5.82
Longyearbyen,90,SJ,1580528950,79,78.22,15.64,23.0,20.8
Luderitz,100,NA,1580529097,77,-26.65,15.16,66.2,16.11
Natchitoches,90,US,1580529298,81,31.77,-93.13,48.2,4.65
Agadez,41,NE,1580529299,27,19.75,10.25,57.27,0.92
Umm Lajj,0,SA,1580529014,33,25.02,37.27,58.32,9.53
Orcopampa,100,PE,1580529300,84,-15.27,-72.34,38.21,3.09
Ribeira Grande,100,PT,1580529021,89,38.52,-28.7,61.27,21.99
Puerto Rondon,0,CO,1580529301,60,6.28,-71.1,81.18,3.74
Kalianget,100,ID,1580529302,78,-7.05,113.93,82.06,7.63
Manokwari,100,ID,1580529303,70,-0.87,134.08,82.08,4.65
Taywarah,0,AF,1580529304,51,33.35,64.42,9.43,3.98
Chui,0,UY,1580529070,82,-33.7,-53.46,64.81,5.64
Egvekinot,21,RU,1580529305,94,66.32,-179.17,-30.06,8.66
Sheltozero,100,RU,1580529306,90,61.37,35.37,12.11,7.94
Salekhard,100,RU,1580529307,97,66.53,66.6,-24.47,13.56
Osinki,100,RU,1580529308,95,52.84,49.51,24.46,3.98
Beyneu,100,KZ,1580529309,70,45.32,55.2,37.27,13.06
Shenzhen,100,CN,1580529050,51,22.55,114.07,66.99,4.47
Kudat,75,MY,1580529310,66,6.88,116.85,86.0,9.17
Vinh,97,VN,1580529242,78,18.67,105.67,65.1,3.74
Ambatofinandrahana,10,MG,1580529311,96,-20.55,46.8,56.37,3.22
East London,20,ZA,1580529152,83,-33.02,27.91,71.6,8.05
Shingu,20,JP,1580529005,39,33.73,135.98,48.2,19.46
George Town,20,MY,1580528937,58,5.41,100.34,87.8,10.29
Longhua,75,CN,1580529313,37,23.61,114.19,57.7,2.33
Kuytun,100,RU,1580529314,97,54.34,101.5,-2.54,3.85
Ancud,90,CL,1580529315,100,-41.87,-73.82,60.8,12.75
Petropavlovsk-Kamchatsky,0,RU,1580529215,34,53.05,158.65,17.6,2.24
Henties Bay,73,NA,1580529316,91,-22.12,14.28,63.0,3.0
Yangi Marg`ilon,5,UZ,1580529122,74,40.43,71.72,30.2,2.24
Shimanovsk,100,RU,1580529318,89,52.0,127.7,2.86,0.94
Brigham City,90,US,1580529318,86,41.51,-112.02,37.99,3.0
Hasaki,20,JP,1580529186,32,35.73,140.83,55.0,16.11
Xining,98,CN,1580529320,76,36.62,101.77,21.9,4.07
Rodolfo Sanchez Taboada,0,MX,1580529320,37,31.72,-116.57,61.29,2.82
Nome,90,US,1580529321,76,64.5,-165.41,-7.6,3.36
Faanui,100,PF,1580529218,82,-16.48,-151.75,79.81,28.86
Teahupoo,75,PF,1580529322,78,-17.83,-149.27,78.8,17.22
Esperance,90,AU,1580528986,43,-33.87,121.9,69.8,11.41
Litovko,50,RU,1580529323,84,49.24,135.17,5.18,3.04
Dunedin,100,NZ,1580529324,79,-45.87,170.5,62.01,17.0
Alindao,75,CF,1580529324,29,5.03,21.21,69.48,4.38
Sobradinho,0,BR,1580529325,93,-12.83,-39.1,72.18,1.5
Zhangjiakou,0,CN,1580529146,43,40.81,114.88,12.34,4.99
General Pico,0,AR,1580529327,32,-35.66,-63.76,77.2,12.1
Forrest City,90,US,1580529328,93,35.01,-90.79,44.6,2.51
Ciudad Rio Bravo,40,MX,1580529329,81,25.98,-98.1,60.8,3.36
Ginda,0,IN,1580529329,82,30.69,78.49,37.63,2.17
Altos,75,BR,1580529330,94,-5.04,-42.46,75.2,2.24
Leo,2,BF,1580529331,14,11.1,-2.1,71.06,8.86
Alice Springs,40,AU,1580529331,55,-23.7,133.88,89.6,4.7
Sept-Iles,20,CA,1580529184,77,50.2,-66.38,10.99,4.65
Shimoda,75,JP,1580529332,37,34.67,138.95,53.6,3.36
Huaihua,100,CN,1580529128,91,27.55,109.96,44.78,1.92
Cidreira,0,BR,1580529334,79,-30.18,-50.21,75.38,0.43
My Tho,3,VN,1580529060,51,10.35,106.35,84.2,4.7
Sitka,90,US,1580529335,92,57.05,-135.33,30.2,5.82
Manaquiri,100,BR,1580529336,83,-3.32,-60.35,80.6,9.17
Sioux Lookout,90,CA,1580529336,86,50.1,-91.92,26.6,11.41
Ayorou,53,NE,1580529337,15,14.73,0.92,69.13,8.95
Tacuati,1,PY,1580529337,83,-23.45,-56.58,73.15,2.08
Mosquera,40,CO,1580529289,66,4.71,-74.23,55.4,1.34
Buala,100,SB,1580529339,92,-8.14,159.59,78.37,10.74
Mehran,75,IR,1580529339,74,33.12,46.16,33.8,9.17
Morondava,63,MG,1580529340,90,-20.28,44.28,75.4,1.54
Clyde River,90,CA,1580529341,74,70.47,-68.59,-23.8,6.93
Saba,0,HN,1580529342,79,15.47,-86.25,67.19,5.82
Zimapan,77,MX,1580529342,81,20.75,-99.35,53.96,5.5
La Providencia,5,MX,1580529343,32,28.72,-111.58,66.99,4.7
Nanortalik,77,GL,1580529240,69,60.14,-45.24,19.2,16.71
Peniche,75,PT,1580529344,100,39.36,-9.38,60.01,10.29
Bakchar,100,RU,1580529345,94,57.02,82.07,-2.81,5.82
Kwang Binh,89,VN,1580529345,85,17.48,106.6,66.11,3.36
Port Lincoln,95,AU,1580529346,56,-34.73,135.87,68.38,13.51
Maxixe,18,MZ,1580529347,76,-23.86,35.35,77.68,10.0
Porto-Novo,20,BJ,1580529051,88,6.5,2.6,80.6,2.24
West Richland,1,US,1580529348,55,46.3,-119.36,62.6,16.11
Minab,0,IR,1580529349,87,27.15,57.08,50.0,4.7
Isangel,75,VU,1580529349,66,-19.55,169.27,87.8,5.82
Noumea,0,NC,1580529350,49,-22.28,166.46,91.4,12.75
Cape Canaveral,20,US,1580529350,82,28.41,-80.6,68.0,11.41
Vestmannaeyjar,100,IS,1580529168,68,63.44,-20.27,31.98,20.76
Arman,0,RU,1580529352,74,59.7,150.17,-0.08,6.89
Fortuna Foothills,1,US,1580529352,25,32.66,-114.41,66.2,6.93
Bingol,93,TR,1580529353,85,38.88,40.49,12.18,8.99
Islamkot,0,PK,1580529353,27,24.7,70.18,62.11,6.29
Oistins,40,BB,1580529354,74,13.07,-59.53,80.6,14.99
Terrace,90,CA,1580529181,97,54.52,-128.6,32.0,14.99
Kavieng,68,PG,1580528924,78,-2.57,150.8,84.04,11.81
Mersing,0,MY,1580529356,80,2.43,103.84,81.36,16.37
Sao Filipe,0,CV,1580529357,42,14.9,-24.5,78.12,11.72
Fukuecho,20,JP,1580529357,57,32.69,128.84,50.0,11.41
Mortka,100,RU,1580529358,93,59.33,66.02,15.4,9.51
Turbat,0,PK,1580529358,25,26.0,63.04,58.68,6.55
Ilulissat,60,GL,1580529256,84,69.22,-51.1,3.2,6.93
Tasiilaq,100,GL,1580529132,53,65.61,-37.64,23.0,29.97
Padang,78,ID,1580529360,65,-0.95,100.35,79.9,4.36
Hwange,71,ZW,1580529361,96,-18.37,26.5,64.71,1.05
Beloha,0,MG,1580529361,86,-25.17,45.05,71.69,12.82
Aykhal,75,RU,1580529362,75,66.0,111.5,-20.2,2.24
Mackenzie,90,CA,1580529363,100,55.3,-123.17,28.4,2.24
Sandpoint,90,US,1580529092,87,48.28,-116.55,52.0,10.29
Aklavik,90,CA,1580529261,66,68.22,-135.01,-29.2,3.36
Nizwa,36,OM,1580529066,86,22.93,57.53,51.85,2.8
Laguna,1,US,1580528916,87,38.42,-121.42,57.99,2.19
Jaffna,17,LK,1580529294,74,9.67,80.01,79.0,9.6
Talnakh,75,RU,1580529366,74,69.49,88.4,-27.4,8.95
Perry,90,US,1580529367,75,37.25,-83.2,46.4,1.3
Flinders,40,AU,1580529368,35,-34.58,150.86,113.0,14.99
Assiut,0,EG,1580529368,76,27.18,31.18,48.2,5.82
Faya,20,SA,1580529343,82,18.39,42.45,55.4,11.41
Srednekolymsk,100,RU,1580529369,97,67.45,153.68,-14.93,3.83
Vuktyl,100,RU,1580529370,95,63.86,57.31,-2.94,13.11
Kuching,75,MY,1580529371,74,1.55,110.33,84.2,9.17
Puerto Baquerizo Moreno,71,EC,1580529372,87,-0.9,-89.6,77.76,8.61
Blagoyevo,100,RU,1580529373,98,63.37,47.92,-5.94,3.36
Smidovich,26,RU,1580529373,92,48.6,133.82,-2.02,3.33
Jerome,90,US,1580529374,93,42.72,-114.52,37.4,18.34
Kyzyl-Suu,60,KG,1580529374,54,42.34,78.0,19.76,7.49
Anchorage,90,US,1580529350,78,61.22,-149.9,12.2,6.93
Makakilo City,1,US,1580529376,60,21.35,-158.09,78.8,9.17
Santa Cruz de la Sierra,40,BO,1580529202,88,-17.8,-63.17,73.4,3.36
Paracuru,20,BR,1580529377,88,-3.41,-39.03,77.0,3.36
Yelkhovka,90,RU,1580529377,100,53.87,50.28,28.4,4.47
Amalapuram,20,IN,1580529378,83,16.58,82.02,77.0,4.7
Paamiut,81,GL,1580529379,63,61.99,-49.67,13.91,10.6
Coruripe,100,BR,1580529379,80,-10.13,-36.18,79.77,7.74
Port Hardy,75,CA,1580529126,87,50.7,-127.42,51.8,4.7
Akureyri,90,IS,1580529381,96,65.68,-18.09,32.0,2.24
Yura,80,PE,1580529381,87,-16.25,-71.68,57.2,2.04
Avarua,41,CK,1580528911,78,-21.21,-159.78,82.4,5.82
Yazman,0,PK,1580529382,47,29.12,71.74,52.7,8.72
Avera,90,US,1580528942,100,33.19,-82.53,41.0,5.82
Winnemucca,1,US,1580529384,70,40.97,-117.74,45.0,3.36
Asau,20,RO,1580529384,88,46.43,26.4,46.99,4.7
Mackay,0,AU,1580529307,66,-21.15,149.2,87.01,14.99
Sayyan,100,YE,1580529385,61,15.17,44.32,48.97,2.95
Mayo,1,US,1580529386,93,38.89,-76.51,39.99,2.44
Awjilah,0,LY,1580529387,65,29.11,21.29,52.27,1.41
Patancheru,40,IN,1580529387,94,17.53,78.27,72.0,4.7
Valverde del Camino,99,ES,1580529388,89,37.58,-6.75,55.99,3.6
Mahon,0,ES,1580529389,100,39.89,4.27,50.0,5.82
Miraflores,75,MX,1580529389,39,19.22,-98.81,62.6,5.82
Lima,40,PE,1580528844,83,-12.04,-77.03,75.2,14.99
Kandrian,69,PG,1580529390,75,-6.22,149.55,85.91,7.11
Port Elizabeth,70,ZA,1580529391,94,-33.92,25.57,68.0,8.05
Provincie Groningen,90,NL,1580529246,93,53.25,6.75,52.0,19.46
Smithers,90,CA,1580528700,100,54.78,-127.17,30.2,6.93
Quatre Cocos,75,MU,1580529393,83,-20.21,57.76,81.0,10.29
Bandarbeyla,75,SO,1580529393,70,9.49,50.81,76.06,18.19
Champerico,0,GT,1580529394,79,14.3,-91.92,76.84,4.43
Hokitika,100,NZ,1580529395,74,-42.72,170.97,63.18,5.77
Marinette,90,US,1580529395,91,45.1,-87.63,32.0,5.82
Cabo San Lucas,90,MX,1580529069,48,22.89,-109.91,66.0,3.36
Leh,9,IN,1580529345,48,34.17,77.58,-12.68,2.93
Omboue,56,GA,1580529397,95,-1.57,9.26,75.47,1.5
Phayao,0,TH,1580529398,41,19.25,100.25,75.88,3.83
Tual,94,ID,1580529398,74,-5.67,132.75,84.61,14.81
Uglegorskiy,66,RU,1580529399,93,48.24,41.25,30.04,6.55
Khanbari,10,NP,1580529400,60,27.37,87.2,38.14,3.0
Husavik,90,IS,1580529400,95,66.04,-17.34,32.0,2.24
Zhigalovo,100,RU,1580529401,93,54.81,105.16,-5.94,3.2
Likhoslavl,73,RU,1580529401,97,57.13,35.46,21.6,2.68
Hit,0,IQ,1580529402,45,33.64,42.83,47.3,16.55
Acarau,100,BR,1580529403,95,-2.89,-40.12,72.05,3.2
Nouadhibou,0,MR,1580529332,48,20.93,-17.03,60.8,11.41
Samarai,100,PG,1580529405,58,-10.62,150.67,89.85,0.94
Valdivia,6,CL,1580529126,93,-39.81,-73.25,59.0,2.24
Korhogo,0,CI,1580529406,13,9.45,-5.63,69.19,3.67
Tuatapere,100,NZ,1580529390,55,-46.13,167.68,75.99,15.01
Yar-Sale,46,RU,1580529000,100,66.83,70.83,-21.73,9.51
Porbandar,0,IN,1580529408,63,21.64,69.61,62.6,5.82
Caravelas,0,BR,1580529226,84,-17.71,-39.25,79.57,12.88
Olinda,40,BR,1580529409,70,-8.01,-34.86,84.2,5.82
Port Moresby,40,PG,1580529409,88,-9.44,147.18,82.4,23.04
Stonewall,5,CA,1580529410,73,50.13,-97.33,30.0,14.99
Waddan,0,LY,1580529411,58,29.16,16.14,55.13,5.32
Kuah,20,MY,1580529411,66,6.33,99.84,87.8,10.29
Atar,0,MR,1580529412,11,20.52,-13.05,61.83,12.21
Rocha,0,UY,1580529413,87,-34.48,-54.33,57.58,5.68
Omsukchan,23,RU,1580529018,73,62.53,155.8,-6.03,5.17
Fortuna,1,US,1580529244,93,40.6,-124.16,51.8,1.99
Tomatlan,99,MX,1580529202,90,19.93,-105.25,66.27,2.8
Black River,20,JM,1580529415,78,18.03,-77.85,78.8,4.7
Nantucket,90,US,1580529416,82,41.28,-70.1,39.0,3.36
Labuan,75,MY,1580529418,74,5.28,115.24,84.2,8.05
Guerrero Negro,0,MX,1580529418,38,27.98,-114.06,65.59,5.61
Najran,0,SA,1580529419,37,17.49,44.13,53.6,2.24
Ceres,1,US,1580529420,87,37.59,-120.96,57.2,4.7
Poum,0,NC,1580528941,77,-20.23,164.02,81.01,20.29
Bara,34,NG,1580529364,25,10.37,10.73,60.21,6.24
Asosa,49,ET,1580529422,34,10.07,34.53,65.23,5.82
Oktyabrskoye,90,RU,1580529423,98,43.06,44.74,32.0,2.24
Mergen,86,CN,1580529423,86,49.18,125.22,6.33,8.19
Narsaq,0,GL,1580529073,41,60.92,-46.05,3.2,4.7
Okha,0,RU,1580529425,80,53.57,142.95,4.05,5.26
Calabozo,2,VE,1580529425,52,8.92,-67.43,82.94,5.61
Yulara,90,AU,1580529426,52,-25.24,130.99,89.6,11.41
Skibbereen,20,IE,1580529426,81,51.55,-9.27,44.6,16.11
Sao Joao da Barra,100,BR,1580528969,90,-21.64,-41.05,78.12,8.39
Karpogory,84,RU,1580529428,99,64.0,44.45,-21.59,3.42
Bonavista,100,CA,1580529179,84,48.65,-53.11,18.0,17.0
Mangan,0,IN,1580529430,39,27.52,88.53,42.93,3.06
Kalmunai,15,LK,1580529429,66,7.42,81.82,80.58,9.78
Gedo,43,ET,1580529431,60,9.02,37.45,53.58,0.2
Luanda,75,AO,1580529432,83,-8.84,13.23,80.6,3.36
Cabedelo,20,BR,1580529432,83,-6.98,-34.83,80.6,2.95
Dehui,90,CN,1580529433,66,44.53,125.7,12.2,8.95
Tubarao,12,BR,1580529366,98,-28.47,-49.01,68.97,2.37
Hambantota,5,LK,1580529359,83,6.12,81.12,78.8,10.29
Puerto Ayacucho,40,VE,1580529435,83,5.66,-67.62,82.4,3.36
Cuamba,100,MZ,1580529436,97,-14.8,36.54,63.75,2.73
Tulsipur,25,NP,1580529436,89,28.13,82.3,64.99,1.01
Fort-Shevchenko,100,KZ,1580529438,96,44.51,50.26,34.63,17.05
Bathsheba,40,BB,1580529052,74,13.22,-59.52,80.6,14.99
Dicabisagan,100,PH,1580529440,81,17.08,122.42,69.03,9.06
Sisimiut,0,GL,1580529440,86,66.94,-53.67,-5.24,7.27
Qeshm,0,IR,1580529441,87,26.96,56.27,53.6,4.7
Nsanje,82,MW,1580529441,98,-16.92,35.26,67.64,1.21
Rehoboth,0,NA,1580529442,30,-23.32,17.08,70.09,0.78
Kichera,100,RU,1580529443,82,55.94,110.1,-9.44,1.99
Griffith,90,US,1580529279,86,41.53,-87.42,36.0,2.95
Codrington,100,AU,1580529118,80,-38.27,141.97,59.85,14.12
Peruibe,100,BR,1580529445,83,-24.32,-47.0,79.63,8.43
Klaksvik,82,FO,1580529340,86,62.23,-6.59,33.8,13.87
Ilanskiy,100,RU,1580529446,97,56.24,96.06,-7.2,5.35
Stayner,90,CA,1580529413,92,44.42,-80.1,28.0,4.21
Benjamin Aceval,0,PY,1580529448,78,-24.97,-57.57,75.2,4.7
Fairbanks,90,US,1580529448,75,64.84,-147.72,-14.8,1.21
Port Hedland,1,AU,1580529449,52,-20.32,118.57,91.4,17.22
Tura,0,IN,1580529449,50,25.52,90.22,67.75,3.56
Riverton,90,US,1580529450,80,40.52,-111.94,39.2,5.35
Coahuayana Viejo,75,MX,1580529451,73,18.73,-103.68,69.8,3.78
Kirakira,100,SB,1580529451,92,-10.45,161.92,78.06,11.5
Qui Nhon,60,VN,1580529452,70,13.77,109.23,72.84,5.97
Toamasina,75,MG,1580529453,100,-18.17,49.38,73.4,2.24
Leningradskiy,94,RU,1580529275,96,69.38,178.42,-22.81,6.53
Cockburn Town,33,TC,1580529346,76,21.46,-71.14,78.84,13.56
Camacha,75,PT,1580529454,100,33.08,-16.33,62.6,5.82
Aykino,100,RU,1580529456,97,62.22,49.99,0.01,4.05
Serebryansk,40,KZ,1580529456,75,49.69,83.29,-16.6,2.24
Novobiryusinskiy,100,RU,1580529457,93,56.96,97.71,-9.47,6.89
Nyaunglebin,0,MM,1580529458,41,17.95,96.73,80.71,2.42
Sokoto,0,NG,1580529279,18,13.06,5.24,65.75,12.21
Allapalli,0,IN,1580529459,47,19.42,80.07,71.19,3.13
Prince George,90,CA,1580529419,100,53.92,-122.75,33.01,4.7
Okakarara,86,NA,1580529460,48,-20.58,17.43,71.71,1.83
Rawlins,90,US,1580529461,73,41.79,-107.24,28.4,6.93
Beringovskiy,100,RU,1580529461,95,63.05,179.32,-17.36,20.07
Dolisie,86,CG,1580529462,94,-4.2,12.67,71.06,1.61
Guerrero,55,MX,1580529462,90,17.67,-100.0,54.82,1.97
Mulege,33,MX,1580529463,46,26.88,-111.98,63.99,12.73
Ochamchira,100,GE,1580529464,76,42.71,41.47,41.25,3.91
Veraval,0,IN,1580529464,29,20.9,70.37,62.06,14.74
Tessalit,0,ML,1580529112,17,20.2,1.01,64.35,7.38
Norman Wells,75,CA,1580529100,75,65.28,-126.83,-20.2,4.7
Freeport,90,US,1580529354,93,40.66,-73.58,41.0,3.36
Rome,90,US,1580529467,80,43.21,-75.46,30.99,3.36
Denpasar,40,ID,1580529467,84,-8.65,115.22,86.0,8.05
Antofagasta,20,CL,1580529469,88,-23.65,-70.4,72.0,10.29
Svetlogorsk,100,BY,1580529470,98,52.63,29.73,33.39,4.21
Patnanungan,100,PH,1580529471,85,14.78,122.18,71.55,14.38
Dryden,90,CA,1580529428,86,49.78,-92.75,26.6,17.22
Necochea,3,AR,1580529472,95,-38.55,-58.74,60.01,2.15
Ulaangom,35,MN,1580529472,88,49.98,92.07,-9.35,1.41
Pierre,1,US,1580529450,80,44.37,-100.35,36.0,11.41
Ambulu,100,ID,1580529474,69,-8.35,113.61,82.44,1.68
Ambilobe,100,MG,1580529474,91,-13.2,49.05,72.68,4.83
Lompoc,1,US,1580528948,54,34.64,-120.46,60.8,4.9
Porto Santo,75,PT,1580529475,100,33.07,-16.34,62.6,5.82
Lagoa,100,PT,1580529258,83,39.05,-27.98,64.15,17.63
Wagar,0,SD,1580529066,88,16.15,36.2,61.45,8.12
Muros,90,ES,1580529477,100,42.78,-9.06,61.0,9.17
Slave Lake,90,CA,1580529478,83,55.28,-114.77,32.0,4.7
Pangai,40,TO,1580529479,74,-19.8,-174.35,84.2,9.17
Pangnirtung,64,CA,1580529086,77,66.15,-65.71,-9.49,3.29
Khandyga,100,RU,1580529480,97,62.67,135.6,-16.67,2.1
Santa Marta,56,CO,1580529423,66,11.24,-74.2,84.2,10.29
Pechenga,75,RU,1580529482,71,69.53,31.17,6.8,36.91
Bahia de Caraquez,75,EC,1580529482,83,-0.6,-80.42,78.8,5.82
Mokhsogollokh,100,RU,1580529483,96,61.47,128.92,-6.32,2.3
Rongcheng,0,CN,1580529483,72,30.63,117.85,46.99,1.77
Sindou,0,BF,1580529484,14,10.67,-5.17,69.06,4.88
Akdagmadeni,100,TR,1580529485,92,39.66,35.88,14.23,8.43
Noshiro,75,JP,1580529485,100,40.2,140.02,37.4,10.29
Loding,100,NO,1580529486,60,67.3,14.75,39.2,17.22
San Quintin,0,MX,1580529398,47,30.48,-115.95,62.04,6.44
Dois Corregos,40,BR,1580529487,100,-22.37,-48.38,73.4,6.93
Bom Jesus,46,BR,1580529488,68,-9.07,-44.36,73.99,1.88
Port Maria,20,JM,1580529488,74,18.37,-76.89,78.8,9.17
La Ronge,5,CA,1580529201,74,55.1,-105.28,28.4,9.17
Svetlaya,100,RU,1580529490,75,46.54,138.33,19.81,4.27
Wilayat-e Zabul,0,AF,1580529491,68,32.25,67.25,6.91,4.45
Praia,0,CV,1580529366,36,14.92,-23.51,77.0,21.92
Seoul,75,KR,1580529347,60,37.57,126.98,42.8,5.82
Rolla,90,US,1580529493,80,37.95,-91.77,41.0,5.82
Whitehorse,40,CA,1580529482,78,60.72,-135.05,15.8,10.29
Sandwick,87,GB,1580529494,93,60.0,-1.25,46.4,20.8
Linxia,99,CN,1580529495,84,35.6,103.21,23.45,5.3
Floro,100,NO,1580529321,87,61.6,5.03,44.6,19.46
Ingham,1,US,1580529497,86,42.6,-84.38,30.99,3.58
Tambura,98,SS,1580529498,21,5.6,27.47,70.59,4.5
Luba,20,GQ,1580529498,100,3.46,8.55,75.2,2.24
Marzuq,100,YE,1580529141,61,14.4,46.47,58.19,1.48
Enumclaw,90,US,1580529499,77,47.2,-121.99,59.0,12.75
Iqaluit,90,CA,1580529048,76,63.75,-68.51,-4.0,8.3
Mandalgovi,99,MN,1580529501,63,45.76,106.27,2.41,2.26
Kumluca,0,TR,1580529080,42,36.37,30.29,41.16,2.04
Barra do Garcas,66,BR,1580529453,83,-15.89,-52.26,74.34,0.45
Fayaoue,21,NC,1580529503,80,-20.65,166.53,80.22,11.16
Poli,90,TZ,1580529503,100,-3.33,36.8,68.0,1.9
Glenwood Springs,75,US,1580529362,72,39.55,-107.32,28.4,3.36
Yaan,61,NG,1580529504,21,7.38,8.57,70.38,5.14
Mogosesti,20,RO,1580529505,65,47.03,27.53,46.4,5.82
Atikokan,100,CA,1580529506,92,48.76,-91.62,26.89,10.83
Kamien Pomorski,90,PL,1580529506,93,53.97,14.77,50.0,8.05
Chanute,75,US,1580529268,80,37.68,-95.46,33.8,3.04
Intipuca,0,SV,1580529508,80,13.2,-88.05,80.51,8.72
Ust-Kuyga,100,RU,1580529508,98,70.02,135.6,-14.13,2.71
Francisco Sa,7,BR,1580529499,78,-16.48,-43.49,73.4,3.04
Azare,8,NG,1580529510,18,11.68,10.19,59.97,7.81
Sangar,99,RU,1580529511,97,63.92,127.47,-16.65,1.83
Avanuorri,100,NO,1580529293,81,71.0,24.66,19.71,33.13
Great Yarmouth,100,GB,1580529512,87,52.61,1.73,52.0,14.99
Poddorye,93,RU,1580529512,93,57.47,31.12,28.67,3.31
Merritt Island,20,US,1580529370,82,28.54,-80.67,68.0,11.41
Constantine,75,DZ,1580529302,86,36.37,6.61,41.0,1.77
Paramirim,0,BR,1580529514,82,-13.44,-42.24,64.8,2.86
Maur,0,IN,1580529515,67,30.08,75.25,49.89,2.35
Aleksandrovsk-Sakhalinskiy,2,RU,1580529516,94,50.9,142.16,5.02,7.63
Boueni,20,YT,1580529516,83,-12.9,45.08,82.4,6.93
Kudahuvadhoo,20,MV,1580529517,76,2.67,72.89,80.92,11.99
Karaton,75,ID,1580529518,94,-6.34,106.1,82.0,3.36
Beeville,1,US,1580529428,58,28.4,-97.75,55.4,4.54
Reo,0,BF,1580529519,14,12.32,-2.47,70.3,8.75
Luwuk,100,ID,1580529519,73,-0.95,122.79,83.62,11.48
Santa Fe,0,AR,1580529520,48,-31.63,-60.7,75.0,5.79
Chicama,75,PE,1580529521,88,-7.84,-79.15,71.6,8.05
Toppenish,1,US,1580529521,62,46.38,-120.31,60.8,24.16
Siilinjaervi,90,FI,1580529522,92,63.08,27.67,19.4,6.93
Basco,100,PH,1580529522,64,20.45,121.97,67.37,19.8
kimparana,0,ML,1580529524,13,12.83,-4.92,72.45,10.63
Talaya,0,RU,1580529524,65,61.38,152.75,-10.82,3.91
Wau,67,SS,1580529525,20,7.7,28.0,66.11,5.17
Marovoay,20,MG,1580529192,88,-16.1,46.63,75.2,4.7
Bushehr,0,IR,1580529526,71,28.97,50.84,55.4,5.12
Lianzhou,82,CN,1580529527,70,24.78,112.38,51.31,2.98
Half Moon Bay,40,US,1580529527,87,37.46,-122.43,60.8,6.67
Kamenka,100,RU,1580529528,96,51.32,42.77,32.0,5.75
Limbe,20,CM,1580529529,94,4.02,9.21,78.8,2.24
Ulladulla,40,AU,1580529529,35,-35.35,150.47,107.01,14.99
Majene,92,ID,1580529244,59,-3.54,118.97,86.04,2.53
Tocopilla,0,CL,1580529531,45,-22.09,-70.2,60.89,3.36
Praia,0,CV,1580529532,36,14.92,-23.51,77.0,21.92
Vila Franca do Campo,75,PT,1580529088,100,37.72,-25.43,64.4,20.8
Lekoni,65,GA,1580529533,82,-1.58,14.26,73.69,6.44
Dingle,99,PH,1580529534,80,11.0,122.67,75.83,12.84
Valle de Allende,46,MX,1580529534,40,26.93,-105.4,45.18,12.17
Harper,82,LR,1580529167,91,4.38,-7.72,76.8,2.33
Nurota,33,UZ,1580529535,64,40.56,65.69,39.2,16.11
Igarka,100,RU,1580529536,97,67.47,86.58,-19.23,10.54
Ilebo,99,CD,1580529537,89,-4.32,20.58,70.05,0.83
Yumen,77,CN,1580529537,47,40.28,97.2,22.91,14.92
Salto,0,UY,1580529443,83,-31.38,-57.97,64.99,4.0
Comodoro Rivadavia,23,AR,1580529539,27,-45.87,-67.5,73.4,19.46
Sai Buri,75,TH,1580529539,74,6.7,101.62,84.2,11.41
Hun,0,LY,1580529540,58,29.13,15.95,55.13,5.32
Kamaishi,75,JP,1580529540,70,39.27,141.88,42.8,4.7
Vao,0,NC,1580529104,82,-22.67,167.48,79.34,12.24
Tazovsky,5,RU,1580529071,94,67.47,78.7,-16.44,5.48
Kidal,0,ML,1580529542,15,18.44,1.41,64.17,5.64
Nadadores,36,MX,1580529543,68,27.05,-101.6,53.38,11.32
